<?xml version="1.0" encoding="UTF-8"?>
<!DOCTYPE hibernate-configuration PUBLIC
	"-//Hibernate/Hibernate Configuration DTD 3.0//EN"
	"http://www.hibernate.org/dtd/hibernate-configuration-3.0.dtd">
<hibernate-configuration>
<session-factory>
<property name="connection.driver_class">com.mysql.jdbc.Driver</property>
<property name="connection.url">jdbc:mysql://localhost:3002/patientrecordmanagementsystem</property>
<property name="connection.username">root</property>
<property name="connection.password">khushi2912</property>
<property name="dialect">org.hibernate.dialect.MySQL8Dialect</property>
<property name="hbm2ddl.auto">update</property>
<property name="show_sql">true</property>
<property name="format_sql">true</property>
<mapping class="com.patient.Patient"/>
<mapping class="com.patient.Doctor"/>
<mapping class="com.patient.Appointment"/>
<mapping class="com.patient.Prescription"/>

</session-factory>
</hibernate-configuration>